date,maxtemp_C,mintemp_C,avgtemp_C,totalSnow_cm,sunHour,uvIndex
2020-06-11,31,22,27,0.0,15.0,7
2020-06-12,32,23,28,0.0,15.0,7
2020-06-13,32,24,27,0.0,11.0,6
2020-06-14,31,23,27,0.0,11.0,6
2020-06-15,30,23,26,0.0,15.0,6
2020-06-16,28,23,26,0.0,15.0,7
2020-06-17,28,22,25,0.0,15.0,5
2020-06-18,31,23,27,0.0,15.0,7
2020-06-19,32,23,27,0.0,15.0,7
2020-06-20,30,24,27,0.0,15.0,7
2020-06-21,26,23,25,0.0,15.0,6
2020-06-22,28,24,26,0.0,15.0,7
2020-06-23,32,23,28,0.0,15.0,7
2020-06-24,32,24,29,0.0,15.0,7
2020-06-25,29,25,27,0.0,15.0,7
2020-06-26,27,21,24,0.0,14.0,6
2020-06-27,24,20,22,0.0,13.0,6
2020-06-28,22,19,21,0.0,11.0,5
2020-06-29,27,18,23,0.0,15.0,6
2020-06-30,27,20,24,0.0,15.0,6
2020-07-01,27,22,25,0.0,15.0,6
2020-07-02,28,22,25,0.0,10.0,5
2020-07-03,31,22,26,0.0,15.0,7
2020-07-04,31,22,27,0.0,15.0,7
2020-07-05,33,22,27,0.0,15.0,7
2020-07-06,34,24,29,0.0,15.0,7
2020-07-07,35,24,29,0.0,15.0,7
2020-07-08,35,25,30,0.0,15.0,7
2020-07-09,30,25,27,0.0,15.0,7
2020-07-10,28,26,27,0.0,15.0,7
2020-07-11,29,26,27,0.0,15.0,7
2020-07-12,32,25,28,0.0,15.0,7
2020-07-13,30,25,28,0.0,15.0,7
2020-07-14,30,24,27,0.0,15.0,7
2020-07-15,30,24,27,0.0,15.0,7
2020-07-16,30,26,28,0.0,15.0,7
2020-07-17,33,26,29,0.0,15.0,7
2020-07-18,33,25,29,0.0,15.0,7
2020-07-19,34,26,30,0.0,15.0,7
2020-07-20,34,27,30,0.0,15.0,8
2020-07-21,36,26,31,0.0,15.0,8
2020-07-22,30,26,27,0.0,10.0,6
2020-07-23,30,25,27,0.0,12.0,6
2020-07-24,31,24,28,0.0,14.0,6
2020-07-25,32,24,28,0.0,15.0,7
2020-07-26,33,25,29,0.0,15.0,7
2020-07-27,31,26,28,0.0,14.0,7
2020-07-28,30,26,28,0.0,14.0,7
2020-07-29,31,24,27,0.0,14.0,6
2020-07-30,26,23,24,0.0,10.0,5
2020-07-31,30,21,26,0.0,14.0,7
2020-08-01,29,23,26,0.0,14.0,7
2020-08-02,28,24,26,0.0,14.0,7
2020-08-03,25,20,24,0.0,13.0,5
2020-08-04,27,22,25,0.0,14.0,7
2020-08-05,27,22,25,0.0,14.0,6
2020-08-06,29,22,25,0.0,12.0,6
2020-08-07,32,23,28,0.0,14.0,7
2020-08-08,34,26,30,0.0,14.0,7
2020-08-09,31,25,28,0.0,14.0,7
2020-08-10,29,24,27,0.0,14.0,7
2020-08-11,29,24,26,0.0,14.0,7
2020-08-12,27,24,25,0.0,14.0,7
2020-08-13,29,22,26,0.0,14.0,7
2020-08-14,28,24,26,0.0,13.0,6
2020-08-15,24,22,23,0.0,11.0,5
2020-08-16,27,22,24,0.0,14.0,6
2020-08-17,24,21,23,0.0,5.0,5
2020-08-18,26,20,23,0.0,14.0,6
2020-08-19,29,22,25,0.0,14.0,7
2020-08-20,31,22,27,0.0,14.0,7
2020-08-21,31,23,27,0.0,14.0,7
2020-08-22,26,20,24,0.0,14.0,6
2020-08-23,20,17,19,0.0,2.0,4
2020-08-24,24,20,22,0.0,13.0,5
2020-08-25,26,18,22,0.0,13.0,6
2020-08-26,25,19,23,0.0,13.0,6
2020-08-27,27,21,24,0.0,13.0,6
2020-08-28,30,19,25,0.0,13.0,7
2020-08-29,28,21,25,0.0,11.0,5
2020-08-30,30,21,26,0.0,13.0,7
2020-08-31,28,24,26,0.0,13.0,7
2020-09-01,27,22,25,0.0,13.0,6
2020-09-02,27,22,24,0.0,13.0,6
2020-09-03,31,22,26,0.0,13.0,7
2020-09-04,29,24,27,0.0,11.0,6
2020-09-05,30,21,26,0.0,13.0,7
2020-09-06,30,21,26,0.0,13.0,7
2020-09-07,29,23,26,0.0,6.0,6
2020-09-08,25,22,24,0.0,13.0,6
2020-09-09,29,21,24,0.0,12.0,6
2020-09-10,28,21,25,0.0,12.0,5
2020-09-11,26,21,24,0.0,11.0,5
2020-09-12,28,22,25,0.0,12.0,7
2020-09-13,27,22,24,0.0,12.0,6
2020-09-14,27,21,24,0.0,12.0,6
2020-09-15,27,22,25,0.0,12.0,6
2020-09-16,27,22,24,0.0,10.0,5
2020-09-17,25,22,23,0.0,12.0,5
2020-09-18,25,22,23,0.0,10.0,5
2020-09-19,26,19,22,0.0,12.0,6
2020-09-20,23,19,21,0.0,5.0,5
2020-09-21,22,18,21,0.0,11.0,5
2020-09-22,25,19,22,0.0,11.0,5
2020-09-23,26,20,23,0.0,12.0,6
2020-09-24,27,20,23,0.0,12.0,6
2020-09-25,26,20,23,0.0,12.0,6
2020-09-26,26,20,23,0.0,12.0,6
2020-09-27,23,19,21,0.0,12.0,6
2020-09-28,22,17,20,0.0,12.0,6
2020-09-29,22,16,19,0.0,12.0,5
2020-09-30,22,15,19,0.0,12.0,5
2020-10-01,22,16,20,0.0,12.0,5
2020-10-02,23,18,21,0.0,12.0,6
2020-10-03,24,18,21,0.0,12.0,5
2020-10-04,24,18,21,0.0,12.0,6
2020-10-05,20,16,18,0.0,2.0,4
2020-10-06,21,16,19,0.0,12.0,4
2020-10-07,20,14,17,0.0,12.0,5
2020-10-08,20,13,16,0.0,12.0,5
2020-10-09,20,14,17,0.0,12.0,5
2020-10-10,20,15,17,0.0,12.0,5
2020-10-11,19,16,17,0.0,12.0,5
2020-10-12,21,16,18,0.0,12.0,4
2020-10-13,21,15,18,0.0,12.0,5
2020-10-14,22,16,19,0.0,12.0,5
2020-10-15,22,16,19,0.0,11.0,5
2020-10-16,22,14,18,0.0,11.0,5
2020-10-17,22,17,19,0.0,11.0,5
2020-10-18,23,18,20,0.0,11.0,6
2020-10-19,23,17,20,0.0,11.0,5
2020-10-20,20,16,18,0.0,11.0,5
2020-10-21,17,15,16,0.0,6.0,4
2020-10-22,19,14,17,0.0,4.0,4
2020-10-23,20,14,17,0.0,10.0,5
2020-10-24,20,14,18,0.0,10.0,5
2020-10-25,22,16,19,0.0,10.0,5
2020-10-26,20,16,18,0.0,1.0,4
2020-10-27,20,15,17,0.0,9.0,4
2020-10-28,19,14,16,0.0,10.0,4
2020-10-29,20,17,19,0.0,8.0,4
2020-10-30,21,16,19,0.0,9.0,4
2020-10-31,21,15,18,0.0,5.0,4
2020-11-01,19,15,18,0.0,10.0,5
2020-11-02,19,13,17,0.0,10.0,5
2020-11-03,18,14,16,0.0,8.0,4
2020-11-04,20,15,17,0.0,10.0,4
2020-11-05,20,14,17,0.0,10.0,5
2020-11-06,18,14,16,0.0,2.0,4
2020-11-07,16,12,14,0.0,1.0,3
2020-11-08,14,11,13,0.0,1.0,3
2020-11-09,19,12,14,0.0,10.0,4
2020-11-10,17,11,14,0.0,5.0,3
2020-11-11,14,10,13,0.0,1.0,3
2020-11-12,12,8,10,0.0,1.0,3
2020-11-13,11,9,10,0.0,1.0,3
2020-11-14,13,8,11,0.0,7.0,3
2020-11-15,14,9,12,0.0,1.0,3
2020-11-16,14,11,13,0.0,1.0,3
2020-11-17,12,7,10,0.0,1.0,2
2020-11-18,8,5,7,0.0,5.0,2
2020-11-19,7,4,6,0.0,10.0,2
2020-11-20,11,7,8,0.0,2.0,2
2020-11-21,11,9,11,0.0,1.0,3
2020-11-22,9,5,8,0.0,10.0,3
2020-11-23,10,7,8,0.0,1.0,2
2020-11-24,10,6,8,0.0,7.0,2
2020-11-25,11,6,9,0.0,1.0,2
2020-11-26,10,9,9,0.0,1.0,2
2020-11-27,9,6,8,0.0,3.0,2
2020-11-28,12,6,10,0.0,1.0,2
2020-11-29,12,9,10,0.0,6.0,3
2020-11-30,9,7,8,0.0,1.0,2
2020-12-01,12,7,9,0.0,3.0,2
2020-12-02,11,6,8,0.0,10.0,3
2020-12-03,10,9,9,0.0,10.0,2
2020-12-04,9,6,8,0.0,1.0,2
2020-12-05,8,6,8,0.0,1.0,2
2020-12-06,7,4,6,0.0,10.0,2
2020-12-07,6,4,5,0.0,1.0,2
2020-12-08,6,4,5,0.0,10.0,2
2020-12-09,8,5,6,0.0,6.0,2
2020-12-10,6,3,5,0.0,10.0,1
2020-12-11,6,3,5,0.0,4.0,1
2020-12-12,8,5,7,0.0,10.0,2
2020-12-13,10,8,9,0.0,1.0,2
2020-12-14,10,9,10,0.0,3.0,2
2020-12-15,11,10,10,0.0,10.0,4
2020-12-16,12,10,11,0.0,10.0,3
2020-12-17,11,6,9,0.0,1.0,2
2020-12-18,9,6,8,0.0,1.0,2
2020-12-19,9,6,8,0.0,4.0,2
2020-12-20,9,6,8,0.0,1.0,2
2020-12-21,11,5,7,0.0,9.0,3
2020-12-22,8,6,7,0.0,1.0,2
2020-12-23,10,7,8,0.0,1.0,2
2020-12-24,8,2,5,0.0,1.0,1
2020-12-25,5,2,4,0.0,5.0,1
2020-12-26,8,2,5,0.0,9.0,3
2020-12-27,10,6,7,0.0,9.0,3
2020-12-28,10,4,7,0.0,9.0,3
2020-12-29,10,4,7,0.0,9.0,2
2020-12-30,10,6,8,0.0,8.0,2
2020-12-31,10,6,8,0.0,9.0,3
2021-01-01,10,6,8,0.0,9.0,3
2021-01-02,9,4,7,0.0,9.0,3
2021-01-03,8,6,7,0.0,1.0,2
2021-01-04,8,2,6,0.0,8.0,2
2021-01-05,7,3,5,0.0,9.0,3
2021-01-06,9,4,6,0.0,9.0,2
2021-01-07,9,5,6,0.0,9.0,3
2021-01-08,8,4,6,0.0,9.0,3
2021-01-09,10,4,7,0.0,5.0,2
2021-01-10,9,5,7,0.0,9.0,3
2021-01-11,9,5,7,0.0,9.0,2
2021-01-12,9,6,8,0.0,3.0,2
2021-01-13,10,7,9,0.0,9.0,2
2021-01-14,12,5,9,0.0,9.0,3
2021-01-15,14,5,9,0.0,9.0,3
2021-01-16,9,4,7,0.0,9.0,3
2021-01-17,10,7,9,0.0,7.0,2
2021-01-18,9,6,7,0.0,9.0,3
2021-01-19,6,2,4,0.0,1.0,1
2021-01-20,3,1,2,1.2,1.0,1
2021-01-21,3,-1,2,0.0,1.0,1
2021-01-22,7,0,3,0.0,10.0,2
2021-01-23,7,3,5,0.0,10.0,1
2021-01-24,8,3,5,0.0,10.0,3
2021-01-25,9,5,6,0.0,10.0,3
2021-01-26,8,4,7,0.0,9.0,2
2021-01-27,10,3,7,0.0,10.0,3
2021-01-28,11,7,9,0.0,10.0,3
2021-01-29,9,5,7,0.0,10.0,2
2021-01-30,7,3,6,0.0,1.0,2
2021-01-31,10,4,6,0.0,10.0,2
2021-02-01,10,6,8,0.0,10.0,3
2021-02-02,12,8,9,0.0,10.0,3
2021-02-03,10,5,7,0.0,10.0,2
2021-02-04,11,6,8,0.0,11.0,2
2021-02-05,16,7,11,0.0,11.0,4
2021-02-06,10,4,7,0.0,1.0,2
2021-02-07,12,7,8,0.0,11.0,3
2021-02-08,9,6,7,0.0,1.0,2
2021-02-09,10,5,8,0.0,11.0,2
2021-02-10,11,7,9,0.0,11.0,3
2021-02-11,11,7,9,0.0,11.0,2
2021-02-12,11,6,9,0.0,11.0,3
2021-02-13,9,5,8,0.0,11.0,2
2021-02-14,9,4,6,0.0,11.0,2
2021-02-15,7,5,6,0.0,11.0,2
2021-02-16,6,5,6,0.0,11.0,2
2021-02-17,5,1,3,0.0,1.0,1
2021-02-18,2,-0,1,0.0,1.0,1
2021-02-19,4,0,2,0.0,1.0,1
2021-02-20,7,3,5,0.0,3.0,1
2021-02-21,6,3,5,0.0,11.0,1
2021-02-22,6,2,4,0.0,11.0,2
2021-02-23,7,1,4,0.6,6.0,1
2021-02-24,0,-5,-3,5.7,1.0,1
2021-02-25,2,-4,-1,0.0,6.0,1
2021-02-26,7,-0,3,0.0,11.0,1
2021-02-27,10,4,6,0.0,11.0,3
2021-02-28,13,2,7,0.0,11.0,3
2021-03-01,8,5,7,0.0,1.0,2
2021-03-02,7,5,6,0.0,11.0,2
2021-03-03,12,4,7,0.0,11.0,3
2021-03-04,8,4,6,0.0,11.0,3
2021-03-05,7,5,6,0.0,1.0,2
2021-03-06,13,2,8,0.0,11.0,3
2021-03-07,10,4,7,0.0,11.0,2
2021-03-08,7,2,5,0.0,11.0,2
2021-03-09,6,5,6,0.0,8.0,2
2021-03-10,7,5,6,0.0,1.0,2
2021-03-11,6,3,5,0.0,1.0,2
2021-03-12,3,2,2,0.0,1.0,1
2021-03-13,4,2,3,0.0,10.0,1
2021-03-14,6,3,5,0.0,1.0,1
2021-03-15,8,4,6,0.0,6.0,2
2021-03-16,9,6,8,0.0,12.0,2
2021-03-17,11,5,8,0.0,8.0,2
2021-03-18,20,6,11,0.0,12.0,4
2021-03-19,11,7,9,0.0,10.0,2
2021-03-20,11,6,8,0.0,12.0,3
2021-03-21,11,5,8,0.0,9.0,2
2021-03-22,8,7,7,0.0,5.0,2
2021-03-23,15,7,10,0.0,12.0,4
2021-03-24,21,9,13,0.0,12.0,4
2021-03-25,10,8,9,0.0,10.0,2
2021-03-26,10,6,8,0.0,8.0,2
2021-03-27,9,6,8,0.0,10.0,2
2021-03-28,11,6,9,0.0,13.0,2
2021-03-29,12,7,10,0.0,12.0,2
2021-03-30,12,7,10,0.0,13.0,3
2021-03-31,14,6,10,0.0,13.0,4
2021-04-01,13,8,11,0.0,12.0,3
2021-04-02,15,9,12,0.0,13.0,3
2021-04-03,13,9,11,0.0,1.0,3
2021-04-04,17,10,13,0.0,13.0,4
2021-04-05,16,11,13,0.0,13.0,4
2021-04-06,17,9,13,0.0,13.0,4
2021-04-07,14,7,11,0.0,13.0,4
2021-04-08,22,12,16,0.0,13.0,5
2021-04-09,20,13,16,0.0,13.0,5
2021-04-10,14,10,12,0.0,13.0,4
2021-04-11,14,10,12,0.0,12.0,4
2021-04-12,19,11,14,0.0,13.0,4
2021-04-13,17,11,14,0.0,13.0,4
2021-04-14,21,11,15,0.0,13.0,4
2021-04-15,18,10,14,0.0,12.0,3
2021-04-16,19,12,15,0.0,13.0,4
2021-04-17,18,13,15,0.0,14.0,5
2021-04-18,20,12,15,0.0,14.0,5
2021-04-19,21,14,16,0.0,12.0,4
2021-04-20,19,13,16,0.0,14.0,5
2021-04-21,18,14,16,0.0,14.0,5
2021-04-22,16,13,14,0.0,14.0,4
2021-04-23,16,13,14,0.0,14.0,4
2021-04-24,18,13,15,0.0,14.0,5
2021-04-25,20,11,15,0.0,14.0,5
2021-04-26,20,12,16,0.0,14.0,4
2021-04-27,17,12,14,0.0,12.0,3
2021-04-28,18,11,14,0.0,14.0,4
2021-04-29,19,14,16,0.0,14.0,5
2021-04-30,19,13,16,0.0,14.0,4
2021-05-01,20,14,17,0.0,11.0,4
2021-05-02,17,14,16,0.0,9.0,4
2021-05-03,22,13,18,0.0,14.0,4
2021-05-04,21,16,18,0.0,14.0,5
2021-05-05,17,10,14,0.0,10.0,3
2021-05-06,17,10,15,0.0,14.0,3
2021-05-07,18,13,15,0.0,14.0,4
2021-05-08,19,13,16,0.0,14.0,5
2021-05-09,20,15,17,0.0,12.0,4
2021-05-10,16,10,12,0.0,9.0,3
2021-05-11,17,10,14,0.0,14.0,4
2021-05-12,19,13,16,0.0,14.0,5
2021-05-13,24,14,19,0.0,14.0,5
2021-05-14,27,17,22,0.0,14.0,6
2021-05-15,27,17,22,0.0,14.0,6
2021-05-16,28,18,23,0.0,14.0,6
2021-05-17,25,17,21,0.0,14.0,6
2021-05-18,23,17,20,0.0,10.0,4
2021-05-19,26,19,22,0.0,14.0,6
2021-05-20,23,17,20,0.0,14.0,6
2021-05-21,25,17,21,0.0,14.0,6
2021-05-22,31,20,25,0.0,14.0,6
2021-05-23,26,21,23,0.0,14.0,6
2021-05-24,23,20,21,0.0,14.0,6
2021-05-25,24,19,21,0.0,14.0,6
2021-05-26,20,16,18,0.0,13.0,4
2021-05-27,25,17,21,0.0,10.0,5
2021-05-28,24,19,21,0.0,15.0,6
2021-05-29,26,20,22,0.0,15.0,6
2021-05-30,29,20,23,0.0,15.0,6
2021-05-31,24,19,21,0.0,15.0,6
2021-06-01,26,19,22,0.0,15.0,6
2021-06-02,27,20,23,0.0,15.0,6
2021-06-03,23,19,21,0.0,15.0,6
2021-06-04,24,19,21,0.0,15.0,6
2021-06-05,25,20,22,0.0,15.0,6
2021-06-06,23,19,21,0.0,15.0,6
2021-06-07,22,18,21,0.0,15.0,6
2021-06-08,23,20,21,0.0,15.0,5
2021-06-09,25,19,22,0.0,15.0,6
2021-06-10,26,19,22,0.0,15.0,6
2021-06-11,25,21,23,0.0,15.0,6
2021-06-12,25,22,23,0.0,15.0,6
2021-06-13,28,21,24,0.0,15.0,6
2021-06-14,26,21,24,0.0,15.0,6
2021-06-15,28,21,24,0.0,15.0,6
2021-06-16,31,21,26,0.0,15.0,7
2021-06-17,33,23,28,0.0,15.0,7
2021-06-18,26,22,25,0.0,15.0,6
2021-06-19,29,23,26,0.0,15.0,7
2021-06-20,32,23,27,0.0,15.0,7
2021-06-21,31,22,27,0.0,15.0,7
2021-06-22,34,22,29,0.0,15.0,7
2021-06-23,33,23,28,0.0,15.0,7
2021-06-24,33,23,28,0.0,15.0,7
2021-06-25,35,24,30,0.0,15.0,7
2021-06-26,37,26,31,0.0,15.0,8
2021-06-27,36,27,32,0.0,10.0,7
2021-06-28,33,25,29,0.0,15.0,7
2021-06-29,30,25,28,0.0,15.0,6
2021-06-30,27,24,26,0.0,15.0,7
2021-07-01,29,25,27,0.0,15.0,7
2021-07-02,31,25,28,0.0,15.0,7
2021-07-03,33,24,29,0.0,15.0,7
2021-07-04,33,26,30,0.0,15.0,7
2021-07-05,31,26,28,0.0,15.0,7
2021-07-06,30,26,28,0.0,15.0,7
2021-07-07,31,26,27,0.0,15.0,7
2021-07-08,27,24,26,0.0,11.0,6
2021-07-09,28,24,26,0.0,15.0,6
2021-07-10,29,24,26,0.0,15.0,7
2021-07-11,31,24,28,0.0,15.0,6
2021-07-12,32,24,29,0.0,15.0,7
2021-07-13,30,25,28,0.0,15.0,7
2021-07-14,28,25,26,0.0,14.0,6
2021-07-15,27,22,25,0.0,14.0,7
2021-07-16,31,23,27,0.0,13.0,6
2021-07-17,32,24,28,0.0,15.0,7
2021-07-18,32,25,29,0.0,15.0,7
2021-07-19,35,25,30,0.0,15.0,8
2021-07-20,34,27,30,0.0,15.0,8
2021-07-21,35,27,31,0.0,15.0,8
2021-07-22,36,27,31,0.0,15.0,8
2021-07-23,29,26,27,0.0,15.0,7
2021-07-24,27,24,26,0.0,15.0,7
2021-07-25,29,24,26,0.0,15.0,7
2021-07-26,30,26,28,0.0,15.0,7
2021-07-27,29,26,28,0.0,14.0,7
2021-07-28,25,22,24,0.0,12.0,5
2021-07-29,28,23,26,0.0,10.0,6
2021-07-30,31,23,27,0.0,14.0,6
2021-07-31,30,25,27,0.0,14.0,6
2021-08-01,33,26,29,0.0,14.0,7
2021-08-02,33,26,29,0.0,14.0,7
2021-08-03,34,24,29,0.0,14.0,7
2021-08-04,37,26,31,0.0,14.0,8
2021-08-05,34,26,30,0.0,14.0,8
2021-08-06,36,27,31,0.0,14.0,8
2021-08-07,34,26,30,0.0,14.0,8
2021-08-08,38,26,32,0.0,14.0,8
2021-08-09,33,28,30,0.0,14.0,8
2021-08-10,36,27,31,0.0,14.0,8
2021-08-11,35,27,32,0.0,14.0,8
2021-08-12,37,28,32,0.0,14.0,8
2021-08-13,36,27,32,0.0,14.0,8
2021-08-14,34,28,30,0.0,14.0,8
2021-08-15,32,26,28,0.0,14.0,7
2021-08-16,32,25,28,0.0,14.0,7
2021-08-17,31,26,28,0.0,14.0,6
2021-08-18,34,26,29,0.0,14.0,7
2021-08-19,34,25,29,0.0,14.0,7
2021-08-20,35,24,30,0.0,14.0,7
2021-08-21,34,27,30,0.0,14.0,7
2021-08-22,32,27,29,0.0,14.0,7
2021-08-23,35,25,29,0.0,13.0,6
2021-08-24,32,26,29,0.0,12.0,6
2021-08-25,29,26,27,0.0,12.0,6
2021-08-26,32,26,28,0.0,13.0,7
2021-08-27,32,25,29,0.0,13.0,7
2021-08-28,34,24,29,0.0,13.0,7
2021-08-29,33,25,29,0.0,13.0,7
2021-08-30,33,24,28,0.0,13.0,7
2021-08-31,32,25,29,0.0,13.0,7
2021-09-01,33,25,29,0.0,13.0,7
2021-09-02,34,24,28,0.0,13.0,7
2021-09-03,27,22,25,0.0,9.0,6
2021-09-04,24,21,22,0.0,8.0,5
2021-09-05,28,21,24,0.0,13.0,6
2021-09-06,29,22,25,0.0,13.0,7
2021-09-07,25,19,22,0.0,13.0,6
2021-09-08,23,19,21,0.0,13.0,5
2021-09-09,25,21,22,0.0,12.0,6
2021-09-10,27,20,23,0.0,12.0,6
2021-09-11,30,21,25,0.0,12.0,6
2021-09-12,30,22,26,0.0,12.0,7
2021-09-13,28,23,25,0.0,12.0,7
2021-09-14,27,23,25,0.0,12.0,6
2021-09-15,28,22,25,0.0,12.0,6
2021-09-16,29,21,25,0.0,12.0,6
2021-09-17,26,21,24,0.0,12.0,6
2021-09-18,25,21,22,0.0,12.0,6
2021-09-19,28,20,24,0.0,12.0,6
2021-09-20,29,21,25,0.0,12.0,6
2021-09-21,27,22,24,0.0,12.0,6
2021-09-22,28,20,24,0.0,11.0,5
2021-09-23,25,21,23,0.0,12.0,6
2021-09-24,25,19,21,0.0,1.0,5
2021-09-25,23,19,20,0.0,5.0,4
2021-09-26,21,17,19,0.0,11.0,4
2021-09-27,23,17,20,0.0,12.0,6
2021-09-28,21,18,20,0.0,8.0,4
2021-09-29,20,18,19,0.0,1.0,4
2021-09-30,19,16,18,0.0,3.0,4
2021-10-01,17,16,17,0.0,7.0,4
2021-10-02,19,16,17,0.0,12.0,4
2021-10-03,21,15,18,0.0,12.0,5
2021-10-04,21,17,19,0.0,10.0,4
2021-10-05,18,16,17,0.0,12.0,4
2021-10-06,17,14,16,0.0,3.0,4
2021-10-07,17,13,15,0.0,12.0,3
2021-10-08,16,12,14,0.0,6.0,3
2021-10-09,16,11,14,0.0,9.0,3
2021-10-10,18,13,16,0.0,5.0,4
2021-10-11,19,16,17,0.0,7.0,4
2021-10-12,22,16,19,0.0,12.0,5
2021-10-13,22,16,19,0.0,12.0,5
2021-10-14,22,15,19,0.0,12.0,5
2021-10-15,20,16,18,0.0,12.0,5
2021-10-16,23,15,19,0.0,11.0,5
2021-10-17,23,16,19,0.0,11.0,5
2021-10-18,21,15,18,0.0,7.0,4
2021-10-19,19,16,17,0.0,8.0,4
2021-10-20,16,13,14,0.0,1.0,3
2021-10-21,17,13,14,0.0,9.0,3
2021-10-22,19,13,16,0.0,11.0,5
2021-10-23,20,14,17,0.0,10.0,5
2021-10-24,19,13,16,0.0,9.0,4
2021-10-25,19,11,14,0.0,10.0,3
2021-10-26,11,9,10,0.0,1.0,3
2021-10-27,14,9,11,0.0,10.0,4
2021-10-28,17,10,13,0.0,8.0,3
2021-10-29,15,11,14,0.0,1.0,3
2021-10-30,14,12,13,0.0,7.0,3
2021-10-31,16,11,14,0.0,1.0,3
2021-11-01,18,14,16,0.0,10.0,5
2021-11-02,18,12,15,0.0,10.0,5
2021-11-03,17,13,15,0.0,10.0,4
2021-11-04,16,13,15,0.0,8.0,3
2021-11-05,13,9,11,0.0,10.0,3
2021-11-06,13,6,9,0.0,10.0,3
2021-11-07,15,7,11,0.0,10.0,4
2021-11-08,17,8,12,0.0,10.0,4
2021-11-09,18,12,15,0.0,10.0,4
2021-11-10,17,10,14,0.0,10.0,4
2021-11-11,10,9,9,0.0,1.0,2
2021-11-12,12,9,10,0.0,7.0,2
2021-11-13,14,8,10,0.0,10.0,4
2021-11-14,14,9,11,0.0,8.0,3
2021-11-15,15,11,13,0.0,6.0,3
2021-11-16,12,7,8,0.0,9.0,2
2021-11-17,10,5,8,0.0,9.0,2
2021-11-18,12,6,10,0.0,6.0,2
2021-11-19,13,8,11,0.0,5.0,3
2021-11-20,14,7,10,0.0,10.0,4
2021-11-21,14,8,11,0.0,10.0,4
2021-11-22,16,9,12,0.0,10.0,4
2021-11-23,15,7,11,0.0,10.0,4
2021-11-24,14,8,12,0.0,10.0,4
2021-11-25,9,8,8,0.0,7.0,2
2021-11-26,12,8,10,0.0,3.0,3
2021-11-27,14,8,11,0.0,7.0,3
2021-11-28,14,7,11,0.0,10.0,4
2021-11-29,15,9,11,0.0,10.0,4
2021-11-30,18,11,14,0.0,10.0,4
2021-12-01,21,10,14,0.0,10.0,4
2021-12-02,10,7,9,0.0,3.0,2
2021-12-03,13,6,10,0.0,10.0,3
2021-12-04,13,8,10,0.0,10.0,4
2021-12-05,13,8,10,0.0,10.0,4
2021-12-06,13,8,10,0.0,10.0,3
2021-12-07,14,10,12,0.0,10.0,4
2021-12-08,15,11,12,0.0,10.0,4
2021-12-09,14,10,12,0.0,9.0,3
2021-12-10,14,8,11,0.0,10.0,3
2021-12-11,15,10,12,0.0,10.0,3
2021-12-12,11,9,10,0.0,1.0,2
2021-12-13,11,8,9,0.0,10.0,2
2021-12-14,11,9,10,0.0,8.0,2
2021-12-15,12,10,11,0.0,10.0,3
2021-12-16,12,6,10,0.0,9.0,2
2021-12-17,13,7,10,0.0,10.0,3
2021-12-18,11,7,9,0.0,10.0,3
2021-12-19,11,6,8,0.0,9.0,2
2021-12-20,14,6,10,0.0,10.0,4
2021-12-21,10,7,9,0.0,7.0,2
2021-12-22,8,6,7,0.0,4.0,2
2021-12-23,6,3,4,0.0,1.0,1
2021-12-24,4,3,4,0.0,1.0,1
2021-12-25,7,2,4,0.0,9.0,1
2021-12-26,10,2,6,0.0,9.0,3
2021-12-27,11,4,7,0.0,9.0,3
2021-12-28,10,4,7,0.0,9.0,3
2021-12-29,10,4,7,0.0,9.0,2
2021-12-30,11,6,8,0.0,5.0,2
2021-12-31,10,4,7,0.0,9.0,3
2022-01-01,10,4,6,0.0,8.0,2
2022-01-02,13,5,8,0.0,9.0,3
2022-01-03,8,4,6,0.0,1.0,2
2022-01-04,10,4,7,0.0,9.0,3
2022-01-05,10,6,8,0.0,8.0,2
2022-01-06,13,7,9,0.0,9.0,3
2022-01-07,13,7,10,0.0,9.0,3
2022-01-08,11,6,8,0.0,8.0,2
2022-01-09,10,6,8,0.0,8.0,2
2022-01-10,12,7,9,0.0,7.0,2
2022-01-11,11,7,8,0.0,8.0,2
2022-01-12,10,5,8,0.0,9.0,2
2022-01-13,11,5,9,0.0,8.0,2
2022-01-14,4,2,4,0.0,5.0,1
2022-01-15,10,2,5,0.0,9.0,2
2022-01-16,6,3,5,0.0,1.0,1
2022-01-17,5,1,3,0.0,1.0,1
2022-01-18,6,-0,4,0.0,9.0,2
2022-01-19,6,2,4,0.0,5.0,1
2022-01-20,5,2,4,0.0,1.0,1
2022-01-21,7,2,4,0.0,10.0,2
2022-01-22,8,2,5,0.0,10.0,2
2022-01-23,11,4,7,0.0,10.0,2
2022-01-24,11,4,7,0.0,10.0,3
2022-01-25,9,4,6,0.0,10.0,3
2022-01-26,10,4,6,0.0,6.0,2
2022-01-27,7,3,5,0.0,1.0,2
2022-01-28,6,3,5,0.0,5.0,1
2022-01-29,10,2,6,0.0,4.0,2
2022-01-30,9,1,5,0.0,9.0,2
2022-01-31,11,2,6,0.0,10.0,3
2022-02-01,10,4,7,0.0,10.0,2
2022-02-02,12,2,7,0.0,10.0,3
2022-02-03,14,8,10,0.0,11.0,3
2022-02-04,10,4,7,0.0,11.0,3
2022-02-05,7,4,6,0.0,6.0,2
2022-02-06,9,1,5,0.0,9.0,1
2022-02-07,8,2,5,0.0,11.0,3
2022-02-08,11,3,7,0.0,11.0,2
2022-02-09,16,6,10,0.0,11.0,3
2022-02-10,9,6,7,0.0,11.0,2
2022-02-11,8,5,7,0.0,7.0,2
2022-02-12,12,5,8,0.0,11.0,3
2022-02-13,8,4,6,0.0,10.0,2
2022-02-14,8,4,6,0.0,11.0,2
2022-02-15,8,5,6,0.0,11.0,2
2022-02-16,9,4,6,0.0,11.0,3
2022-02-17,10,4,7,0.0,11.0,2
2022-02-18,11,6,8,0.0,3.0,2
2022-02-19,11,4,8,0.0,11.0,3
2022-02-20,11,7,8,0.0,11.0,3
2022-02-21,13,5,8,0.0,11.0,2
2022-02-22,11,5,8,0.0,5.0,2
2022-02-23,13,5,9,0.0,8.0,2
2022-02-24,12,8,10,0.0,11.0,3
2022-02-25,14,8,10,0.0,10.0,3
2022-02-26,12,8,10,0.0,6.0,3
2022-02-27,12,8,10,0.0,1.0,2
2022-02-28,12,8,10,0.0,5.0,2
2022-03-01,13,9,10,0.0,6.0,3
2022-03-02,11,7,9,0.0,10.0,2
2022-03-03,15,8,11,0.0,11.0,4
2022-03-04,11,7,9,0.0,2.0,2
2022-03-05,15,7,10,0.0,9.0,3
2022-03-06,10,5,7,0.0,8.0,2
2022-03-07,7,4,6,0.0,11.0,3
2022-03-08,13,7,9,0.0,11.0,2
2022-03-09,9,6,8,0.0,11.0,2
2022-03-10,8,6,7,0.0,11.0,2
2022-03-11,8,5,7,0.0,3.0,2
2022-03-12,7,4,5,0.0,6.0,1
2022-03-13,6,4,5,0.0,1.0,2
2022-03-14,6,3,5,0.0,1.0,1
2022-03-15,7,4,5,0.0,2.0,2
2022-03-16,7,4,5,0.0,3.0,2
2022-03-17,6,3,4,0.0,3.0,1
2022-03-18,7,4,5,0.0,1.0,2
2022-03-19,9,4,7,0.0,5.0,2
2022-03-20,6,3,5,0.0,2.0,1
2022-03-21,6,3,4,0.0,6.0,1
2022-03-22,6,3,5,0.0,2.0,1
2022-03-23,7,3,6,0.0,12.0,3
2022-03-24,9,3,6,0.0,7.0,2
2022-03-25,9,6,7,0.0,11.0,2
2022-03-26,7,5,6,0.0,1.0,2
2022-03-27,15,6,10,0.0,12.0,3
2022-03-28,11,4,7,0.0,9.0,2
2022-03-29,13,3,8,0.0,13.0,3
2022-03-30,14,8,11,0.0,9.0,3
2022-03-31,13,7,10,0.0,13.0,3
2022-04-01,16,7,12,0.0,13.0,4
2022-04-02,18,11,14,0.0,13.0,4
2022-04-03,22,14,18,0.0,13.0,5
2022-04-04,17,10,14,0.0,9.0,3
2022-04-05,15,9,12,0.0,13.0,4
2022-04-06,16,10,11,0.0,13.0,4
2022-04-07,13,9,11,0.0,6.0,3
2022-04-08,18,8,13,0.0,12.0,3
2022-04-09,15,10,12,0.0,10.0,3
2022-04-10,18,10,13,0.0,5.0,3
2022-04-11,17,12,14,0.0,13.0,4
2022-04-12,19,12,16,0.0,13.0,5
2022-04-13,14,10,12,0.0,13.0,4
2022-04-14,15,9,12,0.0,13.0,4
2022-04-15,15,9,12,0.0,13.0,4
2022-04-16,15,10,12,0.0,13.0,4
2022-04-17,17,10,13,0.0,13.0,3
2022-04-18,17,12,14,0.0,14.0,4
2022-04-19,18,12,15,0.0,14.0,4
2022-04-20,21,13,17,0.0,14.0,5
2022-04-21,16,11,14,0.0,13.0,3
2022-04-22,17,11,14,0.0,14.0,4
2022-04-23,18,12,14,0.0,14.0,4
2022-04-24,19,10,15,0.0,14.0,5
2022-04-25,21,13,17,0.0,12.0,4
2022-04-26,24,14,19,0.0,14.0,5
2022-04-27,23,15,19,0.0,14.0,5
2022-04-28,25,15,19,0.0,14.0,5
2022-04-29,24,15,19,0.0,14.0,5
2022-04-30,20,15,17,0.0,7.0,4
2022-05-01,18,13,15,0.0,14.0,5
2022-05-02,18,14,16,0.0,14.0,4
2022-05-03,16,12,14,0.0,11.0,3
2022-05-04,19,12,15,0.0,11.0,4
2022-05-05,22,13,18,0.0,10.0,4
2022-05-06,18,13,16,0.0,14.0,5
2022-05-07,16,12,14,0.0,7.0,3
2022-05-08,15,12,13,0.0,13.0,3
2022-05-09,16,12,14,0.0,3.0,3
2022-05-10,17,14,15,0.0,6.0,4
2022-05-11,18,13,15,0.0,14.0,3
2022-05-12,17,13,14,0.0,11.0,3
2022-05-13,21,12,17,0.0,14.0,5
2022-05-14,22,16,18,0.0,14.0,5
2022-05-15,24,16,20,0.0,13.0,4
2022-05-16,21,15,18,0.0,9.0,4
2022-05-17,22,15,18,0.0,14.0,5
2022-05-18,22,15,19,0.0,13.0,4
2022-05-19,22,17,19,0.0,14.0,5
2022-05-20,17,14,16,0.0,12.0,4
2022-05-21,20,14,17,0.0,13.0,4
2022-05-22,21,16,18,0.0,14.0,5
2022-05-23,25,17,19,0.0,13.0,4
2022-05-24,20,15,17,0.0,13.0,4
2022-05-25,18,14,16,0.0,7.0,4
2022-05-26,22,12,17,0.0,14.0,5
2022-05-27,21,15,18,0.0,14.0,5
2022-05-28,23,17,20,0.0,15.0,5
2022-05-29,27,16,22,0.0,15.0,6
2022-05-30,30,17,23,0.0,15.0,6
2022-05-31,31,18,24,0.0,15.0,6
2022-06-01,31,18,25,0.0,15.0,6
2022-06-02,31,19,25,0.0,15.0,6
2022-06-03,31,21,25,0.0,15.0,7
2022-06-04,31,20,25,0.0,15.0,7
2022-06-05,32,21,26,0.0,15.0,7
2022-06-06,32,20,26,0.0,15.0,7
2022-06-07,24,20,22,0.0,14.0,5
2022-06-08,24,19,21,0.0,15.0,6
2022-06-09,27,19,23,0.0,15.0,6
2022-06-10,23,20,22,0.0,15.0,6
2022-06-11,27,19,23,0.0,15.0,6
2022-06-12,29,20,24,0.0,15.0,6
2022-06-13,29,23,25,0.0,14.0,6
2022-06-14,29,22,25,0.0,15.0,6
2022-06-15,30,22,26,0.0,15.0,7
2022-06-16,28,22,25,0.0,15.0,7
2022-06-17,28,23,25,0.0,15.0,7
2022-06-18,27,22,24,0.0,15.0,6
2022-06-19,29,21,25,0.0,15.0,7
2022-06-20,30,21,26,0.0,15.0,7
2022-06-21,31,22,27,0.0,15.0,7
2022-06-22,32,23,27,0.0,15.0,7
2022-06-23,26,22,24,0.0,13.0,5
2022-06-24,29,22,25,0.0,15.0,7
2022-06-25,30,22,26,0.0,15.0,7
2022-06-26,29,23,26,0.0,15.0,7
2022-06-27,27,24,26,0.0,15.0,7
2022-06-28,29,23,26,0.0,15.0,7
2022-06-29,28,23,25,0.0,15.0,7
2022-06-30,28,22,24,0.0,15.0,6
2022-07-01,28,23,25,0.0,15.0,6
2022-07-02,28,22,24,0.0,15.0,6
2022-07-03,25,22,23,0.0,15.0,5
2022-07-04,29,23,25,0.0,15.0,7
2022-07-05,32,22,26,0.0,15.0,7
2022-07-06,28,23,25,0.0,15.0,7
2022-07-07,28,22,25,0.0,15.0,6
2022-07-08,32,22,27,0.0,14.0,6
2022-07-09,33,24,28,0.0,15.0,7
2022-07-10,33,23,28,0.0,15.0,7
2022-07-11,34,24,29,0.0,15.0,7
2022-07-12,30,26,27,0.0,15.0,7
2022-07-13,34,25,29,0.0,15.0,7
2022-07-14,35,25,30,0.0,15.0,7
2022-07-15,29,24,27,0.0,15.0,7
2022-07-16,37,23,29,0.0,15.0,7
2022-07-17,32,25,28,0.0,15.0,7
2022-07-18,34,26,29,0.0,15.0,7
2022-07-19,31,25,28,0.0,15.0,7
2022-07-20,28,23,25,0.0,15.0,7
2022-07-21,28,23,25,0.0,15.0,6
2022-07-22,28,24,26,0.0,15.0,7
2022-07-23,28,25,26,0.0,12.0,6
2022-07-24,26,23,24,0.0,12.0,5
2022-07-25,27,23,25,0.0,9.0,5
2022-07-26,31,22,27,0.0,15.0,7
2022-07-27,33,24,29,0.0,14.0,7
2022-07-28,28,24,26,0.0,14.0,7
2022-07-29,29,24,26,0.0,14.0,7
2022-07-30,32,23,27,0.0,14.0,7
2022-07-31,32,24,28,0.0,10.0,6
2022-08-01,32,24,29,0.0,14.0,7
2022-08-02,33,24,29,0.0,14.0,7
2022-08-03,34,24,29,0.0,14.0,7
2022-08-04,32,26,28,0.0,14.0,7
2022-08-05,33,25,29,0.0,12.0,6
2022-08-06,28,24,27,0.0,9.0,6
2022-08-07,28,24,26,0.0,14.0,7
2022-08-08,27,25,26,0.0,12.0,6
2022-08-09,29,25,26,0.0,14.0,6
2022-08-10,31,24,28,0.0,14.0,7
2022-08-11,34,25,29,0.0,14.0,7
2022-08-12,34,26,29,0.0,14.0,7
2022-08-13,34,26,30,0.0,14.0,7
2022-08-14,35,26,30,0.0,14.0,7
2022-08-15,36,25,30,0.0,14.0,8
2022-08-16,36,26,31,0.0,14.0,8
2022-08-17,34,26,30,0.0,14.0,8
2022-08-18,33,25,29,0.0,14.0,7
2022-08-19,33,25,29,0.0,14.0,7
2022-08-20,32,25,28,0.0,14.0,7
2022-08-21,29,23,26,0.0,14.0,7
2022-08-22,30,23,26,0.0,14.0,7
2022-08-23,31,23,26,0.0,14.0,7
2022-08-24,32,21,27,0.0,13.0,7
2022-08-25,31,21,27,0.0,13.0,7
2022-08-26,32,22,27,0.0,13.0,7
2022-08-27,32,23,27,0.0,13.0,7
2022-08-28,32,21,27,0.0,13.0,7
2022-08-29,33,22,28,0.0,13.0,7
2022-08-30,34,22,28,0.0,13.0,7
2022-08-31,33,23,28,0.0,13.0,7
2022-09-01,33,23,28,0.0,13.0,7
2022-09-02,35,24,29,0.0,13.0,7
2022-09-03,35,25,29,0.0,13.0,7
2022-09-04,32,24,28,0.0,13.0,7
2022-09-05,28,20,25,0.0,13.0,6
2022-09-06,21,19,20,0.0,1.0,4
2022-09-07,22,19,20,0.0,5.0,5
2022-09-08,24,19,21,0.0,5.0,5
2022-09-09,26,20,23,0.0,11.0,5
2022-09-10,26,22,24,0.0,7.0,5
2022-09-11,25,21,23,0.0,12.0,5
2022-09-12,27,21,24,0.0,12.0,6
2022-09-13,28,22,25,0.0,12.0,6
2022-09-14,26,21,23,0.0,11.0,5
2022-09-15,26,21,23,0.0,12.0,6
2022-09-16,27,18,23,0.0,12.0,5
2022-09-17,29,21,25,0.0,12.0,6
2022-09-18,29,23,26,0.0,12.0,7
2022-09-19,30,23,26,0.0,12.0,7
2022-09-20,31,22,26,0.0,12.0,7
2022-09-21,31,22,26,0.0,12.0,7
2022-09-22,31,22,26,0.0,12.0,7
2022-09-23,30,22,25,0.0,12.0,7
2022-09-24,25,21,22,0.0,12.0,6
2022-09-25,20,18,19,0.0,5.0,4
2022-09-26,23,17,20,0.0,12.0,5
2022-09-27,26,18,22,0.0,12.0,6
2022-09-28,27,21,23,0.0,12.0,6
2022-09-29,25,18,21,0.0,12.0,6
2022-09-30,26,20,23,0.0,12.0,6
2022-10-01,27,20,23,0.0,12.0,6
2022-10-02,26,19,22,0.0,12.0,6
2022-10-03,25,21,23,0.0,9.0,5
2022-10-04,26,18,22,0.0,12.0,6
2022-10-05,27,20,23,0.0,12.0,6
2022-10-06,24,19,22,0.0,12.0,5
2022-10-07,21,19,20,0.0,11.0,5
2022-10-08,24,18,21,0.0,12.0,6
2022-10-09,25,20,22,0.0,12.0,6
2022-10-10,25,21,22,0.0,10.0,5
2022-10-11,24,17,20,0.0,12.0,6
2022-10-12,20,17,18,0.0,2.0,4
2022-10-13,21,16,18,0.0,5.0,4
2022-10-14,21,16,19,0.0,7.0,4
2022-10-15,21,17,19,0.0,12.0,5
2022-10-16,21,18,19,0.0,9.0,4
2022-10-17,21,17,19,0.0,7.0,4
2022-10-18,18,16,17,0.0,3.0,4
2022-10-19,21,13,18,0.0,11.0,5
2022-10-20,23,17,19,0.0,11.0,4
2022-10-21,19,13,17,0.0,6.0,4
2022-10-22,16,13,15,0.0,1.0,3
2022-10-23,16,14,15,0.0,1.0,3
2022-10-24,20,14,17,0.0,10.0,4
2022-10-25,17,15,16,0.0,6.0,4
2022-10-26,18,13,16,0.0,1.0,4
2022-10-27,20,15,18,0.0,6.0,4
2022-10-28,18,16,17,0.0,6.0,4
2022-10-29,16,12,15,0.0,1.0,3
2022-10-30,17,10,14,0.0,6.0,3
2022-10-31,20,13,15,0.0,10.0,4
2022-11-01,15,12,14,0.0,1.0,3
2022-11-02,15,10,13,0.0,1.0,3
2022-11-03,16,10,13,0.0,7.0,3
2022-11-04,18,11,15,0.0,9.0,3
2022-11-05,16,12,14,0.0,9.0,3
2022-11-06,13,10,12,0.0,8.0,3
2022-11-07,11,9,10,0.0,1.0,3
2022-11-08,14,10,12,0.0,2.0,3
2022-11-09,16,10,13,0.0,10.0,3
2022-11-10,14,10,12,0.0,1.0,3
2022-11-11,14,11,13,0.0,3.0,3
2022-11-12,14,11,12,0.0,3.0,3
2022-11-13,18,10,12,0.0,10.0,4
2022-11-14,15,10,13,0.0,4.0,3
2022-11-15,12,10,11,0.0,1.0,3
2022-11-16,14,10,12,0.0,1.0,3
2022-11-17,17,11,13,0.0,10.0,4
2022-11-18,19,8,14,0.0,10.0,4
2022-11-19,17,12,14,0.0,10.0,4
2022-11-20,17,10,13,0.0,10.0,4
2022-11-21,17,10,14,0.0,5.0,3
2022-11-22,18,14,15,0.0,10.0,4
2022-11-23,16,12,14,0.0,5.0,3
2022-11-24,17,9,13,0.0,10.0,4
2022-11-25,18,14,15,0.0,10.0,4
2022-11-26,17,13,15,0.0,9.0,4
2022-11-27,15,12,13,0.0,7.0,3
2022-11-28,12,11,12,0.0,7.0,3
2022-11-29,12,10,11,0.0,1.0,3
2022-11-30,9,7,8,0.0,1.0,2
2022-12-01,8,7,8,0.0,1.0,2
2022-12-02,10,8,9,0.0,10.0,2
2022-12-03,9,6,8,0.0,1.0,2
2022-12-04,6,4,5,0.0,6.0,2
2022-12-05,6,4,5,0.0,1.0,1
2022-12-06,5,4,5,0.0,1.0,1
2022-12-07,6,4,5,0.0,1.0,2
2022-12-08,8,5,6,0.0,1.0,2
2022-12-09,8,6,6,0.0,1.0,2
2022-12-10,9,7,8,0.0,1.0,2
2022-12-11,10,8,9,0.0,1.0,2
2022-12-12,10,7,8,0.0,3.0,2
2022-12-13,11,7,9,0.0,2.0,2
2022-12-14,14,6,9,0.0,10.0,3
2022-12-15,12,8,10,0.0,10.0,2
2022-12-16,12,7,10,0.0,9.0,2
2022-12-17,11,8,9,0.0,6.0,2
2022-12-18,12,7,10,0.0,10.0,3
2022-12-19,12,9,10,0.0,10.0,4
2022-12-20,8,6,6,0.0,1.0,2
2022-12-21,9,3,7,0.0,5.0,2
2022-12-22,10,7,9,0.0,1.0,2
2022-12-23,11,8,10,0.0,1.0,2
2022-12-24,11,7,9,0.0,9.0,2
2022-12-25,10,7,8,0.0,6.0,2
2022-12-26,8,6,7,0.0,4.0,2
2022-12-27,9,5,7,0.0,9.0,3
2022-12-28,11,6,8,0.0,9.0,3
2022-12-29,8,4,7,0.0,9.0,2
2022-12-30,9,3,6,0.0,3.0,2
2022-12-31,12,5,7,0.0,9.0,3
2023-01-01,11,3,6,0.0,9.0,3
2023-01-02,12,4,8,0.0,9.0,3
2023-01-03,13,7,10,0.0,9.0,3
2023-01-04,14,8,10,0.0,9.0,3
2023-01-05,9,8,9,0.0,1.0,2
2023-01-06,10,6,8,0.0,9.0,3
2023-01-07,10,4,7,0.0,9.0,3
2023-01-08,4,1,3,0.0,1.0,1
2023-01-09,2,1,2,0.0,1.0,1
2023-01-10,2,1,1,0.0,1.0,1
2023-01-11,2,1,2,0.0,5.0,1
2023-01-12,4,2,3,0.0,1.0,1
2023-01-13,6,2,4,0.0,7.0,1
2023-01-14,6,4,5,0.0,1.0,1
2023-01-15,7,5,6,0.0,1.0,2
2023-01-16,8,5,6,0.0,9.0,2
2023-01-17,8,7,7,0.0,1.0,2
2023-01-18,8,6,7,0.0,1.0,2
2023-01-19,9,6,8,0.0,9.0,2
2023-01-20,8,5,6,0.0,2.0,2
2023-01-21,9,3,7,0.0,9.0,2
2023-01-22,8,2,5,0.0,10.0,2
2023-01-23,7,1,4,0.0,10.0,2
2023-01-24,7,3,4,0.0,10.0,2
2023-01-25,7,-1,3,0.0,10.0,2
2023-01-26,7,-0,3,0.0,10.0,2
2023-01-27,8,2,5,0.0,8.0,1
2023-01-28,9,4,7,0.0,9.0,2
2023-01-29,8,5,6,0.0,1.0,2
2023-01-30,9,5,6,0.0,7.0,2
2023-01-31,10,4,6,0.0,1.0,2
2023-02-01,8,5,6,0.0,1.0,2
2023-02-02,9,4,7,0.0,1.0,2
2023-02-03,7,4,6,0.0,2.0,2
2023-02-04,9,3,5,0.0,11.0,3
2023-02-05,8,3,5,0.0,2.0,2
2023-02-06,10,4,6,0.0,9.0,2
2023-02-07,8,4,6,0.0,9.0,2
2023-02-08,4,2,3,0.0,1.0,1
2023-02-09,3,0,2,0.0,1.0,1
2023-02-10,4,2,3,0.0,6.0,1
2023-02-11,6,1,3,0.0,9.0,1
2023-02-12,8,1,4,0.0,8.0,1
2023-02-13,7,2,4,0.0,11.0,1
2023-02-14,8,-1,4,0.0,11.0,2
2023-02-15,11,3,6,0.0,11.0,3
2023-02-16,5,3,4,0.0,9.0,1
2023-02-17,5,1,3,0.0,7.0,1
2023-02-18,9,3,6,0.0,11.0,3
2023-02-19,15,5,9,0.0,11.0,3
2023-02-20,17,3,10,0.0,11.0,3
2023-02-21,10,5,7,0.0,9.0,2
2023-02-22,14,6,9,0.0,11.0,3
2023-02-23,7,4,5,0.0,3.0,2
2023-02-24,4,1,3,0.0,9.0,1
2023-02-25,8,2,6,0.0,11.0,2
2023-02-26,13,5,9,0.0,11.0,3
2023-02-27,14,7,10,0.0,11.0,3
2023-02-28,14,6,9,0.0,11.0,2
2023-03-01,13,7,9,0.0,11.0,3
2023-03-02,11,6,8,0.0,11.0,3
2023-03-03,10,7,8,0.0,10.0,2
2023-03-04,13,7,8,0.0,11.0,3
2023-03-05,14,5,9,0.0,11.0,3
2023-03-06,18,7,12,0.0,10.0,3
2023-03-07,9,5,7,0.0,8.0,2
2023-03-08,10,4,8,0.0,5.0,2
2023-03-09,11,8,9,0.0,7.0,2
2023-03-10,15,7,10,0.0,11.0,4
2023-03-11,16,7,11,0.0,12.0,4
2023-03-12,16,10,12,0.0,7.0,3
2023-03-13,17,11,13,0.0,11.0,3
2023-03-14,11,7,9,0.0,12.0,3
2023-03-15,15,5,10,0.0,12.0,3
2023-03-16,17,8,11,0.0,7.0,3
2023-03-17,14,10,12,0.0,9.0,3
2023-03-18,16,9,12,0.0,12.0,4
2023-03-19,17,9,12,0.0,12.0,4
2023-03-20,15,9,11,0.0,6.0,3
2023-03-21,14,9,11,0.0,11.0,3
2023-03-22,14,9,11,0.0,12.0,3
2023-03-23,19,8,13,0.0,12.0,4
2023-03-24,17,10,12,0.0,12.0,4
2023-03-25,17,9,13,0.0,12.0,4
2023-03-26,20,11,14,0.0,12.0,4
2023-03-27,17,11,14,0.0,12.0,4
2023-03-28,19,12,15,0.0,12.0,4
2023-03-29,23,12,15,0.0,13.0,5
2023-03-30,15,8,11,0.0,13.0,4
2023-03-31,10,6,8,0.0,9.0,2
2023-04-01,9,4,6,0.0,1.0,2
2023-04-02,8,6,7,0.0,1.0,2
2023-04-03,13,7,10,0.0,10.0,2
2023-04-04,16,6,11,0.0,10.0,3
2023-04-05,16,11,13,0.0,13.0,4
2023-04-06,14,9,11,0.0,11.0,3
2023-04-07,17,9,12,0.0,10.0,3
2023-04-08,17,9,12,0.0,10.0,3
2023-04-09,16,10,13,0.0,13.0,4
2023-04-10,18,10,14,0.0,13.0,4
2023-04-11,18,12,14,0.0,13.0,4
2023-04-12,20,12,16,0.0,13.0,4
2023-04-13,22,14,16,0.0,12.0,4
2023-04-14,21,12,16,0.0,13.0,4
2023-04-15,18,10,14,0.0,12.0,3
2023-04-16,12,8,10,0.0,4.0,2
2023-04-17,13,8,10,0.0,11.0,3
2023-04-18,15,8,12,0.0,14.0,4
2023-04-19,18,11,14,0.0,14.0,4
2023-04-20,20,12,16,0.0,14.0,5
2023-04-21,21,14,16,0.0,13.0,5
2023-04-22,20,13,16,0.0,13.0,4
2023-04-23,18,12,15,0.0,14.0,5
2023-04-24,24,13,18,0.0,14.0,4
2023-04-25,18,14,16,0.0,8.0,4
2023-04-26,19,14,16,0.0,9.0,4
2023-04-27,21,15,17,0.0,14.0,5
2023-04-28,23,15,18,0.0,14.0,5
2023-04-29,26,14,20,0.0,14.0,5
2023-04-30,24,17,20,0.0,14.0,6
2023-05-01,18,14,16,0.0,11.0,4
2023-05-02,18,14,15,0.0,10.0,4
2023-05-03,17,15,16,0.0,6.0,4
2023-05-04,19,14,16,0.0,3.0,4
2023-05-05,21,14,17,0.0,14.0,4
2023-05-06,22,13,17,0.0,14.0,5
2023-05-07,21,14,17,0.0,13.0,4
2023-05-08,19,14,17,0.0,14.0,5
2023-05-09,18,14,17,0.0,14.0,5
2023-05-10,20,14,17,0.0,10.0,4
2023-05-11,22,14,18,0.0,13.0,4
2023-05-12,17,13,15,0.0,12.0,3
2023-05-13,18,14,15,0.0,14.0,4
2023-05-14,16,13,15,0.0,9.0,3
2023-05-15,15,13,14,0.0,1.0,3
2023-05-16,21,13,17,0.0,10.0,4
2023-05-17,18,14,16,0.0,10.0,4
2023-05-18,21,14,18,0.0,13.0,4
2023-05-19,22,15,19,0.0,14.0,5
2023-05-20,22,16,19,0.0,14.0,5
2023-05-21,23,16,19,0.0,14.0,5
2023-05-22,25,17,20,0.0,12.0,5
2023-05-23,27,16,22,0.0,14.0,6
2023-05-24,28,21,23,0.0,14.0,5
2023-05-25,30,18,23,0.0,14.0,6
2023-05-26,26,21,22,0.0,11.0,5
2023-05-27,25,19,22,0.0,14.0,6
2023-05-28,28,20,24,0.0,15.0,6
2023-05-29,30,20,25,0.0,15.0,6
2023-05-30,32,22,27,0.0,15.0,7
2023-05-31,26,21,23,0.0,6.0,5
2023-06-01,25,20,22,0.0,15.0,6
2023-06-02,27,19,23,0.0,15.0,6
2023-06-03,28,19,23,0.0,15.0,6
2023-06-04,28,21,24,0.0,15.0,6
2023-06-05,28,21,24,0.0,15.0,6
2023-06-06,23,19,22,0.0,11.0,5
2023-06-07,23,19,21,0.0,15.0,6
2023-06-08,23,19,20,0.0,15.0,6
2023-06-09,28,17,23,0.0,15.0,6
2023-06-10,28,22,25,0.0,15.0,6
2023-06-11,31,21,26,0.0,15.0,7
2023-06-12,31,23,27,0.0,15.0,7
2023-06-13,31,23,27,0.0,15.0,7
2023-06-14,33,24,27,0.0,10.0,6
2023-06-15,28,22,25,0.0,13.0,7
2023-06-16,26,22,24,0.0,15.0,6
2023-06-17,29,21,25,0.0,13.0,6
2023-06-18,29,24,26,0.0,15.0,7
2023-06-19,27,23,24,0.0,15.0,6
2023-06-20,26,21,23,0.0,15.0,6
2023-06-21,24,21,23,0.0,12.0,5
2023-06-22,27,20,23,0.0,15.0,6
2023-06-23,26,22,24,0.0,10.0,5
2023-06-24,27,20,24,0.0,15.0,6
2023-06-25,30,19,25,0.0,15.0,6
2023-06-26,30,22,26,0.0,15.0,7
2023-06-27,31,21,26,0.0,15.0,7
2023-06-28,28,23,25,0.0,15.0,7
2023-06-29,29,23,26,0.0,15.0,7
2023-06-30,29,22,26,0.0,13.0,6
2023-07-01,25,21,23,0.0,6.0,5
2023-07-02,29,20,25,0.0,15.0,7
2023-07-03,31,21,26,0.0,15.0,7
2023-07-04,33,23,28,0.0,15.0,7
2023-07-05,28,24,26,0.0,15.0,7
2023-07-06,30,24,27,0.0,15.0,7
2023-07-07,36,24,30,0.0,15.0,7
2023-07-08,35,25,30,0.0,15.0,8
2023-07-09,36,27,31,0.0,15.0,8
2023-07-10,30,25,27,0.0,15.0,7
2023-07-11,26,23,25,0.0,15.0,7
2023-07-12,27,23,25,0.0,15.0,7
2023-07-13,30,23,26,0.0,13.0,6
2023-07-14,31,25,27,0.0,15.0,7
2023-07-15,33,23,28,0.0,15.0,7
2023-07-16,27,24,26,0.0,14.0,6
2023-07-17,25,21,23,0.0,10.0,5
2023-07-18,28,21,24,0.0,14.0,5
2023-07-19,30,22,26,0.0,15.0,7
2023-07-20,31,23,27,0.0,15.0,7
2023-07-21,33,23,29,0.0,15.0,7
2023-07-22,30,24,27,0.0,5.0,6
2023-07-23,33,25,28,0.0,15.0,7
2023-07-24,32,26,28,0.0,15.0,7
2023-07-25,26,24,25,0.0,14.0,5
2023-07-26,28,24,26,0.0,15.0,7
2023-07-27,31,23,27,0.0,15.0,7
2023-07-28,32,25,28,0.0,14.0,7
2023-07-29,27,24,25,0.0,14.0,7
2023-07-30,28,24,26,0.0,13.0,6
2023-07-31,30,24,27,0.0,14.0,6
2023-08-01,31,26,28,0.0,14.0,7
2023-08-02,34,24,29,0.0,14.0,7
2023-08-03,32,27,29,0.0,14.0,7
2023-08-04,30,26,28,0.0,13.0,6
2023-08-05,29,26,28,0.0,12.0,6
2023-08-06,34,25,29,0.0,14.0,7
2023-08-07,33,26,29,0.0,14.0,7
2023-08-08,35,27,31,0.0,14.0,8
2023-08-09,35,26,31,0.0,14.0,8
2023-08-10,34,26,31,0.0,14.0,8
2023-08-11,36,26,31,0.0,14.0,8
2023-08-12,35,26,30,0.0,14.0,8
2023-08-13,36,25,30,0.0,14.0,8
2023-08-14,34,25,29,0.0,14.0,7
2023-08-15,32,25,28,0.0,14.0,7
2023-08-16,34,23,28,0.0,14.0,7
2023-08-17,33,25,29,0.0,10.0,6
2023-08-18,31,24,28,0.0,14.0,7
2023-08-19,32,25,28,0.0,11.0,6
2023-08-20,31,26,28,0.0,14.0,7
2023-08-21,34,23,29,0.0,14.0,7
2023-08-22,32,25,29,0.0,14.0,7
2023-08-23,36,26,30,0.0,14.0,8
2023-08-24,33,25,29,0.0,12.0,6
2023-08-25,29,26,27,0.0,13.0,7
2023-08-26,28,23,25,0.0,13.0,6
2023-08-27,28,24,26,0.0,9.0,6
2023-08-28,28,25,26,0.0,13.0,7
2023-08-29,29,24,26,0.0,12.0,7
2023-08-30,25,22,24,0.0,13.0,6
2023-08-31,27,21,24,0.0,13.0,6
2023-09-01,29,22,26,0.0,13.0,7
2023-09-02,30,23,26,0.0,13.0,7
2023-09-03,30,23,26,0.0,13.0,7
2023-09-04,30,23,27,0.0,13.0,7
2023-09-05,31,24,27,0.0,13.0,7
2023-09-06,31,24,28,0.0,13.0,7
2023-09-07,27,24,25,0.0,12.0,7
2023-09-08,27,24,25,0.0,12.0,5
2023-09-09,26,21,23,0.0,9.0,5
2023-09-10,22,18,21,0.0,7.0,5
2023-09-11,21,19,20,0.0,2.0,5
2023-09-12,22,19,20,0.0,1.0,5
2023-09-13,22,20,21,0.0,4.0,5
2023-09-14,24,20,22,0.0,12.0,6
2023-09-15,25,20,22,0.0,12.0,6
2023-09-16,26,20,23,0.0,12.0,6
2023-09-17,24,19,21,0.0,12.0,6
2023-09-18,20,18,19,0.0,5.0,4
2023-09-19,23,18,20,0.0,11.0,5
2023-09-20,24,18,21,0.0,12.0,6
2023-09-21,25,19,22,0.0,12.0,6
2023-09-22,26,19,22,0.0,12.0,6
2023-09-23,26,19,22,0.0,12.0,6
2023-09-24,25,20,22,0.0,12.0,6
2023-09-25,25,19,22,0.0,11.0,5
2023-09-26,24,20,22,0.0,12.0,6
2023-09-27,25,19,22,0.0,12.0,6
2023-09-28,26,18,22,0.0,12.0,6
2023-09-29,25,19,21,0.0,12.0,6
2023-09-30,25,18,22,0.0,12.0,6
2023-10-01,26,19,22,0.0,12.0,6
2023-10-02,25,19,22,0.0,9.0,5
2023-10-03,24,19,21,0.0,10.0,5
2023-10-04,21,19,20,0.0,10.0,4
2023-10-05,21,17,19,0.0,10.0,4
2023-10-06,23,16,20,0.0,12.0,5
2023-10-07,22,17,20,0.0,10.0,4
2023-10-08,23,17,20,0.0,11.0,5
2023-10-09,25,16,20,0.0,12.0,6
2023-10-10,16,13,15,0.0,1.0,3
2023-10-11,18,14,16,0.0,3.0,4
2023-10-12,15,12,13,0.0,11.0,3
2023-10-13,18,13,16,0.0,1.0,4
2023-10-14,19,14,17,0.0,12.0,4
2023-10-15,20,12,17,0.0,12.0,5
2023-10-16,20,18,19,0.0,10.0,4
2023-10-17,20,16,17,0.0,11.0,5
2023-10-18,17,15,16,0.0,8.0,4
2023-10-19,20,15,17,0.0,6.0,4
2023-10-20,18,15,16,0.0,10.0,4
2023-10-21,21,17,19,0.0,9.0,4
2023-10-22,21,15,17,0.0,11.0,5
2023-10-23,19,14,17,0.0,11.0,5
2023-10-24,23,17,19,0.0,10.0,5
2023-10-25,19,16,18,0.0,9.0,4
2023-10-26,21,16,19,0.0,4.0,4
2023-10-27,26,15,20,0.0,7.0,5
2023-10-28,23,18,20,0.0,10.0,6
2023-10-29,21,17,19,0.0,10.0,5
2023-10-30,18,14,17,0.0,10.0,5
2023-10-31,20,14,17,0.0,10.0,5
2023-11-01,20,17,18,0.0,10.0,5
2023-11-02,22,17,19,0.0,10.0,5
2023-11-03,22,15,18,0.0,10.0,5
2023-11-04,18,16,17,0.0,8.0,4
2023-11-05,20,14,17,0.0,10.0,5
2023-11-06,20,17,19,0.0,10.0,5
2023-11-07,20,17,18,0.0,10.0,5
2023-11-08,19,15,17,0.0,10.0,4
2023-11-09,19,17,18,0.0,9.0,4
2023-11-10,17,15,15,0.0,10.0,5
2023-11-11,17,13,16,0.0,9.0,4
2023-11-12,19,16,17,0.0,7.0,4
2023-11-13,19,15,17,0.0,10.0,5
2023-11-14,20,13,16,0.0,10.0,4
2023-11-15,16,13,14,0.0,9.0,3
2023-11-16,21,15,16,0.0,10.0,5
2023-11-17,15,12,14,0.0,4.0,3
2023-11-18,16,11,14,0.0,1.0,3
2023-11-19,18,15,16,0.0,3.0,4
2023-11-20,19,14,16,0.0,10.0,4
2023-11-21,14,9,12,0.0,1.0,3
2023-11-22,14,9,12,0.0,9.0,3
2023-11-23,16,11,13,0.0,10.0,4
2023-11-24,14,10,12,0.0,2.0,3
2023-11-25,17,11,14,0.0,9.0,3
2023-11-26,22,15,18,0.0,10.0,5
2023-11-27,20,11,16,0.0,10.0,5
2023-11-28,11,8,10,0.0,1.0,2
2023-11-29,13,8,10,0.0,3.0,3
2023-11-30,15,9,12,0.0,10.0,4
2023-12-01,14,11,12,0.0,10.0,4
2023-12-02,17,11,14,0.0,10.0,4
2023-12-03,19,9,13,0.0,10.0,4
2023-12-04,15,10,13,0.0,9.0,3
2023-12-05,13,9,10,0.0,5.0,3
2023-12-06,11,9,10,0.0,1.0,2
2023-12-07,13,10,11,0.0,1.0,3
2023-12-08,9,8,9,0.0,1.0,2
2023-12-09,13,8,11,0.0,1.0,3
2023-12-10,13,9,11,0.0,10.0,4
2023-12-11,9,7,8,0.0,2.0,2
2023-12-12,9,6,8,0.0,1.0,2
2023-12-13,7,4,5,0.0,1.0,2
2023-12-14,7,5,6,0.0,1.0,2
2023-12-15,10,5,7,0.0,4.0,2
2023-12-16,12,5,9,0.0,10.0,3
2023-12-17,10,5,8,0.0,2.0,2
2023-12-18,6,4,5,0.0,7.0,2
2023-12-19,10,5,7,0.0,10.0,3
2023-12-20,11,5,8,0.0,10.0,3
2023-12-21,12,8,10,0.0,9.0,3
2023-12-22,12,9,10,0.0,9.0,3
2023-12-23,16,10,12,0.0,9.0,4
2023-12-24,15,7,11,0.0,9.0,4
2023-12-25,9,5,7,0.0,9.0,2
2023-12-26,14,7,10,0.0,9.0,3
2023-12-27,14,7,11,0.0,9.0,4
2023-12-28,14,7,10,0.0,8.0,2
2023-12-29,9,5,7,0.0,6.0,2
2023-12-30,11,6,8,0.0,9.0,3
2023-12-31,12,7,9,0.0,8.0,2
2024-01-01,11,7,9,0.0,9.0,3
2024-01-02,12,6,10,0.0,7.0,2
2024-01-03,12,8,10,0.0,9.0,2
2024-01-04,11,5,9,0.0,9.0,2
2024-01-05,11,8,10,0.0,9.0,2
2024-01-06,11,6,9,0.0,9.0,2
2024-01-07,12,5,9,0.0,9.0,3
2024-01-08,11,7,10,0.0,9.0,3
2024-01-09,11,5,8,0.0,9.0,3
2024-01-10,8,3,4,0.0,1.0,1
2024-01-11,7,3,6,0.0,9.0,2
2024-01-12,10,4,7,0.0,9.0,3
2024-01-13,7,0,3,0.0,1.0,1
2024-01-14,1,0,1,3.1,1.0,1
2024-01-15,5,0,2,0.0,8.0,1
2024-01-16,7,1,4,0.0,9.0,2
2024-01-17,9,5,7,0.0,9.0,3
2024-01-18,7,5,6,0.0,9.0,2
2024-01-19,9,6,8,0.0,4.0,2
2024-01-20,12,6,9,0.0,5.0,2
2024-01-21,12,5,8,0.0,10.0,3
2024-01-22,6,3,5,0.0,2.0,1
2024-01-23,4,3,3,0.0,2.0,1
2024-01-24,3,2,2,0.0,1.0,1
2024-01-25,5,0,3,0.0,9.0,1
2024-01-26,7,2,4,0.0,9.0,1
2024-01-27,9,2,5,0.0,1.0,2
2024-01-28,6,4,5,0.0,7.0,1
2024-01-29,5,4,4,0.0,1.0,1
2024-01-30,4,3,4,0.0,1.0,1
2024-01-31,7,1,3,0.0,10.0,1
2024-02-01,8,3,5,0.0,7.0,2
2024-02-02,8,2,5,0.0,10.0,3
2024-02-03,8,2,5,0.0,9.0,1
2024-02-04,10,2,5,0.0,11.0,3
2024-02-05,13,2,8,0.0,11.0,3
2024-02-06,13,5,9,0.0,10.0,2
2024-02-07,13,4,8,0.0,11.0,2
2024-02-08,19,10,13,0.0,11.0,4
2024-02-09,14,8,11,0.0,11.0,4
2024-02-10,16,8,12,0.0,8.0,3
2024-02-11,17,9,12,0.0,11.0,3
2024-02-12,17,7,11,0.0,11.0,4
2024-02-13,15,10,12,0.0,7.0,3
2024-02-14,15,8,10,0.0,8.0,3
2024-02-15,8,6,7,0.0,11.0,3
2024-02-16,7,4,5,0.0,1.0,2
2024-02-17,3,1,2,0.0,1.0,1
2024-02-18,3,1,2,0.0,9.0,1
2024-02-19,6,2,4,0.0,8.0,1
2024-02-20,7,3,6,0.0,1.0,2
2024-02-21,5,4,5,0.0,1.0,1
2024-02-22,5,4,4,0.0,1.0,1
2024-02-23,5,4,4,0.0,1.0,1
2024-02-24,6,4,5,0.0,2.0,1
2024-02-25,4,2,3,0.0,6.0,1
2024-02-26,4,0,3,0.0,11.0,2
2024-02-27,6,-1,3,0.0,11.0,2
2024-02-28,6,0,3,0.0,7.0,1
2024-02-29,7,1,4,0.0,11.0,2
2024-03-01,8,1,5,0.0,11.0,2
2024-03-02,9,3,6,0.0,8.0,2
2024-03-03,10,5,7,0.0,10.0,2
2024-03-04,9,4,6,0.0,1.0,2
2024-03-05,10,4,7,0.0,11.0,3
2024-03-06,12,5,8,0.0,11.0,3
2024-03-07,9,6,8,0.0,10.0,2
2024-03-08,8,5,6,0.0,9.0,2
2024-03-09,7,5,6,0.0,1.0,2
2024-03-10,8,5,6,0.0,1.0,2
2024-03-11,8,5,6,0.0,4.0,2
2024-03-12,9,5,7,0.0,11.0,2
2024-03-13,8,6,7,0.0,1.0,2
2024-03-14,11,7,9,0.0,12.0,3
2024-03-15,12,8,9,0.0,12.0,2
2024-03-16,11,8,9,0.0,10.0,2
2024-03-17,11,7,8,0.0,4.0,2
2024-03-18,12,8,10,0.0,11.0,2
2024-03-19,9,7,7,0.0,1.0,2
2024-03-20,9,7,7,0.0,2.0,2
2024-03-21,7,5,6,0.0,1.0,2
2024-03-22,11,6,8,0.0,2.0,2
2024-03-23,10,7,8,0.0,11.0,2
2024-03-24,10,7,8,0.0,12.0,2
2024-03-25,10,7,8,0.0,12.0,2
2024-03-26,16,5,10,0.0,12.0,3
2024-03-27,17,7,11,0.0,11.0,3
2024-03-28,15,7,11,0.0,13.0,4
2024-03-29,14,7,11,0.0,13.0,3
2024-03-30,15,10,12,0.0,8.0,3
2024-03-31,15,10,12,0.0,9.0,3
2024-04-01,16,10,12,0.0,13.0,4
2024-04-02,16,9,13,0.0,13.0,4
2024-04-03,15,11,13,0.0,13.0,4
2024-04-04,14,11,12,0.0,11.0,3
2024-04-05,17,10,13,0.0,13.0,4
2024-04-06,15,11,13,0.0,11.0,3
2024-04-07,16,10,13,0.0,7.0,3
2024-04-08,13,11,12,0.0,5.0,3
2024-04-09,18,10,14,0.0,12.0,3
2024-04-10,19,11,15,0.0,10.0,3
2024-04-11,15,12,13,0.0,13.0,3
2024-04-12,15,10,13,0.0,13.0,4
2024-04-13,19,9,14,0.0,13.0,4
2024-04-14,18,11,15,0.0,13.0,4
2024-04-15,20,11,15,0.0,10.0,4
2024-04-16,19,13,16,0.0,13.0,4
2024-04-17,19,13,16,0.0,14.0,5
2024-04-18,21,14,17,0.0,14.0,5
2024-04-19,22,16,19,0.0,14.0,4
2024-04-20,23,15,19,0.0,14.0,5
2024-04-21,24,15,20,0.0,14.0,5
2024-04-22,19,15,17,0.0,14.0,4
2024-04-23,22,16,19,0.0,14.0,5
2024-04-24,25,14,20,0.0,14.0,5
2024-04-25,22,16,19,0.0,14.0,5
2024-04-26,23,14,18,0.0,14.0,5
2024-04-27,25,15,20,0.0,14.0,5
2024-04-28,25,15,20,0.0,14.0,6
2024-04-29,22,17,19,0.0,14.0,5
2024-04-30,27,16,21,0.0,14.0,6
2024-05-01,20,16,17,0.0,14.0,5
2024-05-02,20,15,17,0.0,14.0,5
2024-05-03,19,14,17,0.0,13.0,4
2024-05-04,20,14,17,0.0,13.0,4
2024-05-05,19,15,17,0.0,7.0,4
2024-05-06,15,13,14,0.0,12.0,3
2024-05-07,13,12,13,0.0,3.0,3
2024-05-08,17,13,15,0.0,8.0,3
2024-05-09,21,14,18,0.0,13.0,4
2024-05-10,20,14,17,0.0,12.0,4
2024-05-11,22,14,18,0.0,14.0,4
2024-05-12,23,17,19,0.0,13.0,4
2024-05-13,17,13,15,0.0,4.0,3
2024-05-14,14,13,13,0.0,8.0,3
2024-05-15,17,14,15,0.0,12.0,3
2024-05-16,17,13,15,0.0,11.0,4
2024-05-17,15,13,14,0.0,7.0,3
2024-05-18,18,13,15,0.0,6.0,3
2024-05-19,18,12,16,0.0,13.0,4
2024-05-20,19,14,17,0.0,14.0,5
2024-05-21,22,14,18,0.0,14.0,5
2024-05-22,22,14,18,0.0,13.0,5
2024-05-23,21,16,18,0.0,8.0,4
2024-05-24,22,15,19,0.0,11.0,4
2024-05-25,21,17,18,0.0,13.0,4
2024-05-26,23,17,20,0.0,10.0,4
2024-05-27,22,16,19,0.0,15.0,5
2024-05-28,25,17,21,0.0,15.0,6
2024-05-29,25,18,22,0.0,13.0,5
2024-05-30,27,19,23,0.0,15.0,6
2024-05-31,28,21,25,0.0,15.0,7
2024-06-01,27,21,23,0.0,15.0,6
2024-06-02,25,20,22,0.0,15.0,5
2024-06-03,29,22,25,0.0,15.0,7
2024-06-04,31,20,25,0.0,15.0,7
2024-06-05,31,21,26,0.0,15.0,7
2024-06-06,31,22,26,0.0,15.0,7
2024-06-07,30,23,26,0.0,15.0,7
2024-06-08,29,23,25,0.0,15.0,7
2024-06-09,29,22,26,0.0,15.0,7
2024-06-10,28,22,25,0.0,15.0,6
2024-06-11,29,23,26,0.0,15.0,6
2024-06-12,30,24,26,0.0,14.0,6
2024-06-13,31,24,28,0.0,14.0,6
2024-06-14,30,24,27,0.0,12.0,6
2024-06-15,30,25,27,0.0,15.0,7
2024-06-16,30,24,27,0.0,15.0,7
2024-06-17,33,24,28,0.0,15.0,7
2024-06-18,34,24,29,0.0,15.0,7
2024-06-19,31,25,28,0.0,15.0,7
2024-06-20,33,25,29,0.0,15.0,7
2024-06-21,30,25,27,0.0,12.0,6
2024-06-22,27,22,25,0.0,12.0,5
2024-06-23,28,23,26,0.0,13.0,6
2024-06-24,29,23,26,0.0,15.0,7
2024-06-25,32,25,29,0.0,15.0,7
2024-06-26,27,18,24,0.0,8.0,5
2024-06-27,26,18,22,0.0,11.0,5
2024-06-28,27,21,24,0.0,15.0,6
2024-06-29,28,21,25,0.0,14.0,5
2024-06-30,27,22,25,0.0,15.0,6
2024-07-01,29,22,25,0.0,15.0,7
2024-07-02,29,22,26,0.0,2.0,6
2024-07-03,30,24,27,0.0,9.0,6
2024-07-04,33,24,28,0.0,15.0,7
2024-07-05,34,24,29,0.0,15.0,7
2024-07-06,34,25,29,0.0,15.0,7
2024-07-07,32,26,29,0.0,14.0,6
2024-07-08,33,27,30,0.0,13.0,7
2024-07-09,33,26,30,0.0,14.0,6
2024-07-10,34,27,30,0.0,15.0,7
2024-07-11,31,27,28,0.0,15.0,7
2024-07-12,33,25,29,0.0,15.0,6
2024-07-13,30,25,28,0.0,14.0,6
2024-07-14,31,26,28,0.0,15.0,7
2024-07-15,31,23,28,0.0,15.0,7
2024-07-16,32,24,28,0.0,15.0,7
2024-07-17,32,25,29,0.0,15.0,7
2024-07-18,30,25,28,0.0,15.0,6
2024-07-19,31,26,28,0.0,15.0,7
2024-07-20,32,25,29,0.0,14.0,6
2024-07-21,29,24,27,0.0,8.0,6
2024-07-22,31,24,28,0.0,15.0,7
2024-07-23,32,25,29,0.0,15.0,7
2024-07-24,30,26,28,0.0,15.0,7
2024-07-25,29,24,26,0.0,11.0,6
2024-07-26,29,25,27,0.0,15.0,6
2024-07-27,28,24,26,0.0,13.0,6
2024-07-28,27,23,25,0.0,7.0,5
2024-07-29,28,23,25,0.0,13.0,6
2024-07-30,29,22,25,0.0,14.0,7
2024-07-31,28,24,26,0.0,14.0,7
2024-08-01,30,25,28,0.0,14.0,7
2024-08-02,31,24,28,0.0,14.0,7
2024-08-03,31,25,28,0.0,13.0,6
2024-08-04,33,25,29,0.0,11.0,6
2024-08-05,33,25,29,0.0,14.0,7
2024-08-06,31,26,29,0.0,14.0,7
2024-08-07,30,26,28,0.0,14.0,7
2024-08-08,29,26,27,0.0,14.0,7
2024-08-09,31,25,28,0.0,14.0,7
2024-08-10,32,25,29,0.0,14.0,7
2024-08-11,29,26,28,0.0,13.0,6
2024-08-12,32,26,29,0.0,11.0,6
2024-08-13,30,27,28,0.0,11.0,6
2024-08-14,32,26,28,0.0,14.0,7
2024-08-15,28,24,26,0.0,8.0,6
2024-08-16,26,23,25,0.0,9.0,5
2024-08-17,30,21,26,0.0,14.0,7
2024-08-18,28,22,26,0.0,14.0,7
2024-08-19,30,25,27,0.0,10.0,6
2024-08-20,31,23,27,0.0,14.0,7
2024-08-21,33,23,28,0.0,14.0,7
2024-08-22,32,25,28,0.0,14.0,7
2024-08-23,34,25,29,0.0,14.0,7
2024-08-24,30,26,28,0.0,13.0,7
2024-08-25,29,25,27,0.0,13.0,7
2024-08-26,30,25,27,0.0,12.0,6
2024-08-27,30,26,27,0.0,13.0,7
2024-08-28,33,26,29,0.0,13.0,7
2024-08-29,30,24,27,0.0,13.0,7
2024-08-30,30,23,26,0.0,13.0,7
2024-08-31,30,24,27,0.0,13.0,7
2024-09-01,33,24,28,0.0,13.0,7
2024-09-02,30,23,27,0.0,13.0,7
2024-09-03,30,24,27,0.0,13.0,7
2024-09-04,32,23,26,0.0,13.0,7
2024-09-05,27,24,25,0.0,13.0,7
2024-09-06,26,23,25,0.0,13.0,6
2024-09-07,25,22,23,0.0,13.0,6
2024-09-08,27,21,24,0.0,13.0,6
2024-09-09,27,20,24,0.0,12.0,6
2024-09-10,27,24,25,0.0,12.0,7
2024-09-11,30,24,27,0.0,12.0,7
2024-09-12,30,23,26,0.0,12.0,7
2024-09-13,29,23,25,0.0,12.0,7
2024-09-14,28,22,24,0.0,12.0,6
2024-09-15,25,20,23,0.0,12.0,6
2024-09-16,26,19,22,0.0,12.0,6
2024-09-17,26,20,23,0.0,12.0,6
2024-09-18,23,20,21,0.0,8.0,5
2024-09-19,23,18,21,0.0,12.0,6
2024-09-20,23,19,21,0.0,11.0,5
2024-09-21,23,20,21,0.0,12.0,6
2024-09-22,26,20,22,0.0,12.0,6
2024-09-23,26,20,23,0.0,12.0,5
2024-09-24,25,21,23,0.0,12.0,6
2024-09-25,23,20,22,0.0,12.0,6
2024-09-26,22,19,21,0.0,12.0,6
2024-09-27,23,19,21,0.0,12.0,5
2024-09-28,22,18,20,0.0,12.0,4
2024-09-29,22,17,20,0.0,12.0,5
2024-09-30,23,15,20,0.0,12.0,6
2024-10-01,23,16,20,0.0,12.0,6
2024-10-02,25,18,21,0.0,3.0,5
2024-10-03,21,18,20,0.0,12.0,4
2024-10-04,22,18,20,0.0,11.0,4
2024-10-05,23,17,20,0.0,12.0,5
2024-10-06,23,17,20,0.0,12.0,6
2024-10-07,23,20,22,0.0,11.0,5
2024-10-08,26,19,22,0.0,10.0,5
2024-10-09,23,20,21,0.0,10.0,5
2024-10-10,25,17,21,0.0,11.0,5
2024-10-11,21,19,20,0.0,12.0,4
2024-10-12,21,17,19,0.0,6.0,4
2024-10-13,19,17,18,0.0,6.0,4
2024-10-14,18,15,16,0.0,6.0,4
2024-10-15,18,15,17,0.0,3.0,4
2024-10-16,19,17,18,0.0,1.0,4
2024-10-17,21,18,19,0.0,7.0,4
2024-10-18,19,15,17,0.0,2.0,4
2024-10-19,16,14,15,0.0,1.0,4
2024-10-20,15,13,14,0.0,3.0,3
2024-10-21,15,12,14,0.0,1.0,3
2024-10-22,15,12,13,0.0,3.0,3
2024-10-23,16,12,14,0.0,10.0,3
2024-10-24,17,11,14,0.0,10.0,4
2024-10-25,19,12,15,0.0,10.0,5
2024-10-26,15,12,14,0.0,1.0,3
2024-10-27,13,10,12,0.0,6.0,3
2024-10-28,16,11,13,0.0,4.0,3
2024-10-29,16,10,13,0.0,10.0,4
2024-10-30,16,11,14,0.0,4.0,3
2024-10-31,18,15,16,0.0,8.0,4
2024-11-01,18,11,14,0.0,10.0,4
2024-11-02,19,14,16,0.0,10.0,5
2024-11-03,18,12,16,0.0,10.0,4
2024-11-04,12,10,11,0.0,1.0,3
2024-11-05,13,8,11,0.0,10.0,3
2024-11-06,9,8,8,0.0,1.0,2
2024-11-07,13,8,10,0.0,3.0,3
2024-11-08,14,9,12,0.0,10.0,3
2024-11-09,15,12,13,0.0,6.0,3
2024-11-10,16,12,13,0.0,10.0,4
2024-11-11,15,10,13,0.0,7.0,3
2024-11-12,13,11,12,0.0,2.0,3
2024-11-13,11,10,10,0.0,7.0,3
2024-11-14,13,10,12,0.0,1.0,3
2024-11-15,15,10,12,0.0,8.0,3
2024-11-16,16,10,13,0.0,6.0,3
2024-11-17,12,8,10,0.0,1.0,3
2024-11-18,12,7,11,0.0,5.0,3
2024-11-19,15,11,13,0.0,10.0,4
2024-11-20,13,10,12,0.0,6.0,3
2024-11-21,15,10,13,0.0,10.0,4
2024-11-22,16,13,14,0.0,10.0,4
2024-11-23,15,11,13,0.0,6.0,3
2024-11-24,16,13,14,0.0,10.0,4
2024-11-25,13,11,12,0.0,3.0,3
2024-11-26,12,10,11,0.0,9.0,3
2024-11-27,12,10,11,0.0,9.0,3
2024-11-28,10,8,9,0.0,1.0,2
2024-11-29,9,8,8,0.0,1.0,2
2024-11-30,10,9,9,0.0,10.0,3
2024-12-01,10,8,9,0.0,1.0,2
2024-12-02,9,8,9,0.0,1.0,2
2024-12-03,10,7,8,0.0,1.0,2
2024-12-04,11,7,9,0.0,2.0,2
2024-12-05,11,6,9,0.0,8.0,2
2024-12-06,10,8,9,0.0,2.0,2
2024-12-07,11,9,10,0.0,10.0,3
2024-12-08,11,10,10,0.0,1.0,3
2024-12-09,10,6,8,0.0,1.0,2
2024-12-10,9,6,7,0.0,10.0,3
2024-12-11,11,7,9,0.0,10.0,3
2024-12-12,11,7,9,0.0,10.0,2
2024-12-13,10,7,9,0.0,2.0,2
2024-12-14,6,1,3,0.0,5.0,1
2024-12-15,6,0,4,0.0,10.0,2
2024-12-16,8,3,6,0.0,9.0,2
2024-12-17,9,4,7,0.0,10.0,3
2024-12-18,11,6,8,0.0,10.0,3
2024-12-19,7,4,5,0.0,1.0,2
2024-12-20,10,6,8,0.0,1.0,2
2024-12-21,11,8,9,0.0,9.0,2
2024-12-22,11,8,10,0.0,8.0,2
2024-12-23,10,5,8,0.0,9.0,3
2024-12-24,11,5,8,0.0,9.0,3
2024-12-25,9,7,8,0.0,9.0,3
2024-12-26,11,5,9,0.0,9.0,2
2024-12-27,12,10,11,0.0,8.0,3
2024-12-28,11,8,9,0.0,4.0,2
2024-12-29,8,6,7,0.0,1.0,2
2024-12-30,7,6,7,0.0,1.0,2
2024-12-31,7,5,6,0.0,1.0,2
2025-01-01,11,4,7,0.0,9.0,2
2025-01-02,12,5,8,0.0,9.0,3
2025-01-03,11,6,9,0.0,7.0,2
2025-01-04,11,6,8,0.0,9.0,3
2025-01-05,9,4,6,0.0,9.0,2
2025-01-06,7,6,6,0.0,6.0,2
2025-01-07,8,5,7,0.0,9.0,2
2025-01-08,9,8,9,0.0,1.0,2
2025-01-09,10,7,8,0.0,9.0,3
2025-01-10,9,6,8,0.0,9.0,3
2025-01-11,10,7,9,0.0,9.0,3
2025-01-12,10,5,7,0.0,9.0,2
2025-01-13,9,5,7,0.0,9.0,3
2025-01-14,9,5,7,0.0,6.0,2
2025-01-15,6,6,6,0.0,1.0,2
2025-01-16,7,6,6,0.0,1.0,2
2025-01-17,7,5,6,0.0,1.0,2
2025-01-18,8,5,7,0.0,4.0,2
2025-01-19,11,5,7,0.0,7.0,2
2025-01-20,7,5,6,0.0,7.0,2
2025-01-21,8,4,6,0.0,8.0,2
2025-01-22,9,3,7,0.0,6.0,2
2025-01-23,9,7,8,0.0,10.0,2
2025-01-24,9,5,7,0.0,10.0,2
2025-01-25,9,4,6,0.0,10.0,3
2025-01-26,8,6,7,0.0,5.0,2
2025-01-27,8,5,6,0.0,8.0,2
2025-01-28,9,5,7,0.0,8.0,2
2025-01-29,10,5,8,0.0,10.0,3
2025-01-30,10,7,8,0.0,1.0,2
2025-01-31,10,7,9,0.0,10.0,3
2025-02-01,10,5,7,0.0,8.0,2
2025-02-02,10,5,8,0.0,10.0,3
2025-02-03,10,5,7,0.0,11.0,3
2025-02-04,11,5,8,0.0,11.0,3
2025-02-05,8,6,6,0.0,1.0,2
2025-02-06,7,5,6,0.0,2.0,2
2025-02-07,7,5,6,0.0,4.0,2
2025-02-08,4,2,3,0.0,1.0,1
2025-02-09,3,0,2,0.0,9.0,1
2025-02-10,4,1,3,0.0,1.0,1
2025-02-11,5,2,3,0.0,11.0,1
2025-02-12,6,-1,3,0.0,5.0,1
2025-02-13,6,3,5,0.0,4.0,1
2025-02-14,6,4,5,0.0,1.0,2
2025-02-15,8,5,6,0.0,6.0,2
2025-02-16,11,5,8,0.0,11.0,3
2025-02-17,6,4,5,0.0,3.0,2
2025-02-18,5,4,4,0.0,1.0,1
2025-02-19,4,4,4,0.0,1.0,1
2025-02-20,4,1,3,1.4,1.0,1
2025-02-21,0,-1,-0,3.5,3.0,1
2025-02-22,1,-1,-0,0.0,5.0,1
2025-02-23,1,-0,1,1.4,3.0,1
2025-02-24,2,-3,0,0.0,2.0,1
2025-02-25,4,-6,-1,0.0,11.0,2
2025-02-26,3,-0,1,0.0,5.0,1
2025-02-27,3,-1,1,0.0,1.0,1
2025-02-28,3,-3,1,0.8,2.0,1
2025-03-01,1,-3,-1,2.9,1.0,1
2025-03-02,3,-6,-2,0.0,8.0,1
2025-03-03,7,-4,3,0.0,10.0,1
2025-03-04,7,3,5,0.0,11.0,3
2025-03-05,12,0,6,0.0,11.0,3
2025-03-06,12,2,8,0.0,11.0,3
2025-03-07,15,6,10,0.0,11.0,3
2025-03-08,13,8,10,0.0,11.0,4
2025-03-09,12,6,9,0.0,11.0,3
2025-03-10,13,7,9,0.0,11.0,3
2025-03-11,14,6,9,0.0,12.0,3
2025-03-12,14,7,10,0.0,12.0,4
2025-03-13,15,10,12,0.0,12.0,4
2025-03-14,16,10,13,0.0,12.0,4
2025-03-15,21,11,15,0.0,11.0,3
2025-03-16,19,11,14,0.0,12.0,4
2025-03-17,20,11,15,0.0,12.0,5
2025-03-18,29,12,18,0.0,9.0,4
2025-03-19,14,8,11,0.0,12.0,4
2025-03-20,7,6,7,0.0,1.0,2
2025-03-21,8,6,7,0.0,1.0,2
2025-03-22,9,6,7,0.0,5.0,2
2025-03-23,8,6,7,0.0,7.0,2
2025-03-24,7,5,6,0.0,1.0,2
2025-03-25,10,6,8,0.0,12.0,3
2025-03-26,11,4,8,0.0,12.0,3
2025-03-27,12,8,10,0.0,10.0,2
2025-03-28,14,8,11,0.0,13.0,4
2025-03-29,15,10,12,0.0,13.0,4
2025-03-30,18,12,14,0.0,13.0,4
2025-03-31,19,13,15,0.0,13.0,5
2025-04-01,21,13,16,0.0,13.0,5
2025-04-02,17,12,14,0.0,12.0,4
2025-04-03,16,13,15,0.0,11.0,3
2025-04-04,17,11,14,0.0,10.0,3
2025-04-05,16,11,14,0.0,12.0,3
2025-04-06,21,12,15,0.0,13.0,5
2025-04-07,21,13,16,0.0,13.0,5
2025-04-08,24,12,19,0.0,13.0,5
2025-04-09,17,9,12,0.0,12.0,3
2025-04-10,11,8,10,0.0,9.0,2
2025-04-11,9,7,8,0.0,4.0,2
2025-04-12,13,7,10,0.0,13.0,3
2025-04-13,12,8,10,0.0,13.0,4
2025-04-14,14,10,11,0.0,12.0,3
2025-04-15,12,10,11,0.0,11.0,3
2025-04-16,10,9,9,0.0,1.0,2
2025-04-17,13,10,11,0.0,11.0,3
2025-04-18,16,10,12,0.0,14.0,4
2025-04-19,17,7,12,0.0,14.0,4
2025-04-20,16,11,14,0.0,13.0,4
2025-04-21,19,13,15,0.0,12.0,4
2025-04-22,21,14,17,0.0,13.0,4
2025-04-23,23,14,18,0.0,13.0,5
2025-04-24,21,15,17,0.0,13.0,4
2025-04-25,21,14,18,0.0,13.0,4
2025-04-26,20,14,17,0.0,14.0,5
2025-04-27,22,14,16,0.0,14.0,5
2025-04-28,15,11,11,0.0,8.0,3
2025-04-29,11,10,11,0.0,6.0,3
2025-04-30,16,10,13,0.0,14.0,4
2025-05-01,18,10,14,0.0,14.0,4
2025-05-02,19,14,16,0.0,13.0,4
2025-05-03,21,14,17,0.0,9.0,4
2025-05-04,18,14,16,0.0,12.0,4
2025-05-05,21,14,18,0.0,12.0,4
2025-05-06,19,15,17,0.0,13.0,4
2025-05-07,24,16,20,0.0,14.0,4
2025-05-08,22,17,20,0.0,14.0,5
2025-05-09,21,16,19,0.0,14.0,5
2025-05-10,26,18,21,0.0,14.0,6
2025-05-11,25,16,20,0.0,14.0,5
2025-05-12,21,16,18,0.0,14.0,5
2025-05-13,25,16,19,0.0,13.0,5
2025-05-14,18,15,16,0.0,8.0,4
2025-05-15,18,16,17,0.0,14.0,5
2025-05-16,18,15,16,0.0,10.0,4
2025-05-17,21,15,18,0.0,14.0,5
2025-05-18,21,16,19,0.0,14.0,5
2025-05-19,23,15,19,0.0,14.0,5
2025-05-20,22,17,19,0.0,13.0,4
2025-05-21,19,16,18,0.0,14.0,5
2025-05-22,23,17,19,0.0,14.0,5
2025-05-23,24,13,20,0.0,14.0,5
2025-05-24,25,16,20,0.0,14.0,4
2025-05-25,23,18,20,0.0,14.0,6
2025-05-26,23,19,21,0.0,14.0,6
2025-05-27,24,19,21,0.0,13.0,5
2025-05-28,24,19,21,0.0,15.0,6
2025-05-29,26,21,24,0.0,15.0,6
2025-05-30,28,23,25,0.0,15.0,7
2025-05-31,25,21,23,0.0,15.0,6
2025-06-01,25,20,22,0.0,15.0,6
2025-06-02,26,20,23,0.0,15.0,6
2025-06-03,23,20,22,0.0,15.0,6
2025-06-04,24,20,22,0.0,14.0,5
2025-06-05,25,21,23,0.0,15.0,6
2025-06-06,24,22,22,0.0,15.0,5
2025-06-07,24,20,22,0.0,12.0,5
2025-06-08,26,21,23,0.0,15.0,6
2025-06-09,27,23,25,0.0,15.0,6
2025-06-10,27,23,24,0.0,15.0,6
